user_sector_i,D01,D02,D03,D05,D06,D07,D08,D09,D10T12,D13T15,D16,D17T18,D19,D20,D21,D22,D23,D24A,D24B,D25,D26,D27,D28,D29,D301,D302T309,D31T33,D35,D36T39,D41T43,D45T47,D49,D50,D51,D52,D53,D55T56,D58T60,D61,D62T63,D64T66,D68,D69T75,D77T82,D84,D85,D86T88,D90T93,D94T96,D97T98
D01,0.9619157167122095,0.9231950844854071,0.9315612220351215,0.9320754716981131,1e-06,1e-06,0.07322175732217574,1e-06,0.9531093159982792,0.909664153529815,0.7193763919821826,0.889238020424195,0.8794466641719881,0.8974320243747441,0.9427242715659538,0.9670727194066104,0.9414080242240725,0.9512431385211496,0.3114754098360656,0.9568920039189087,0.5810284378652124,0.8393351800554016,0.9347745977152684,0.9283775318438087,0.8865248226950355,0.9032201610080505,0.8576723498888065,0.9990061222867138,0.9946064278689045,0.9866267004842056,0.8967992381950686,0.9747479564414873,0.9206397679123562,0.81991643454039,0.9516840480166358,0.9981590223774004,0.9929440024020417,0.552064631956912,0.965944400712599,0.8076733890801772,0.9878652384601645,0.7461928934010152,0.9537968194411117,0.9233837460528502,0.8321782178217821,0.9476558944014565,0.9111842105263158,0.9089692101740295,0.9898361517567686,0.999999
D02,0.9566537239675256,0.9658541598862604,0.782608695652174,0.9312749003984063,1e-06,1e-06,0.16129032258064516,1e-06,0.940149625935162,0.9741074931345626,0.15358361774744028,0.8374558303886924,0.9035636561479868,0.8975198550926572,0.9207138677589233,0.9637814610190301,0.9735182849936949,0.972161172161172,0.7213114754098362,0.9782779377126406,0.7215958369470946,0.9377070907886017,0.9362747774804783,0.939182030091121,0.7499999999999999,0.9016949152542373,0.8909979867702043,0.9967434869739479,0.9946646341463415,0.9791304347826086,0.8998488364666057,0.9840362105468083,0.9221732745961821,0.7638848502471649,0.9220883534136546,0.9989173583543847,0.9975046787273861,0.6870229007633588,0.9660620245757753,0.8608870967741934,0.9811406031719944,0.16666666666666669,0.9523287987087848,0.9467770549970431,0.825301204819277,0.888,0.5789473684210527,0.9172932330827067,0.995475113122172,0.999999
D03,0.9609267630354511,0.9611475922451532,0.9901225900763798,0.9294117647058824,1e-06,1e-06,0.6571428571428571,1e-06,0.9533677539794593,0.9496268656716418,0.8562091503267973,0.9666902905740611,0.9499761507274027,0.8876591772784852,0.9524424270186981,0.9649660608714692,0.9848138131890992,0.9715777262180975,1e-06,0.9566265060240964,0.7445608380338438,0.9008264462809916,0.937873573627966,0.9350768105340161,0.9666966696669667,0.9040178571428571,0.8848825669864373,0.9991340227191687,0.996232733361239,0.9742086752637749,0.9217627107260392,0.9829673675538203,0.9190902897867212,0.8305921052631579,0.9556309170552493,0.9989854153455929,0.9936294461157317,0.43076923076923074,0.9675572519083968,0.3835616438356164,0.9818962332201482,1e-06,0.9542272482498654,0.9485454185632297,0.9043824701195219,0.9625,0.33333333333333337,0.9238578680203046,0.9956691208315288,0.999999
D05,0.5698924731182795,0.9620960076045628,1e-06,0.9328558516755523,0.42904049616928125,1e-06,0.8873139617292701,0.9794614331355546,0.9819836727033874,0.9821306077651255,0.9647475114917821,0.9268635724331928,0.9305111821086263,0.8963703060140941,0.8837920489296636,0.964690436705362,0.9837970434445807,0.9756697449632394,0.7835820895522387,0.9858828501990068,0.7600354191263282,0.9474705026668822,0.9372415091644537,0.8947813822284908,1e-06,0.8977737392094502,0.875528348637225,0.9994750629152535,0.9896489648964897,0.9737470167064438,0.8983239661343415,0.9602894634225967,0.9108014722451739,0.8583646938077317,0.930935977146698,0.9987031700288185,0.9991448292712725,0.8161192008127328,0.9615550755939525,0.806497175141243,0.9952865882911531,0.9778645833333333,0.9616732116732116,0.9540721607877957,0.937669376693767,0.9828614008941879,0.9878822850548181,0.9660865684962071,0.998557900302841,0.999999
D06,1e-06,0.9622641509433962,1e-06,0.9278242677824269,0.4446663406151505,0.02,0.8592297476759629,0.9804572127457486,0.9579419299743809,0.9792008398399057,0.8072289156626505,0.8908382066276804,0.8932311621966793,0.8974633378779214,0.8029395753946653,0.9418967587034814,0.9638652050345108,0.9754884380895951,0.1774193548387097,0.9239935587761674,0.7813762940818247,0.9212598425196851,0.9374362638059077,0.7514518002322881,0.74,0.787037037037037,0.8860390830514844,0.9991816295314829,0.996446971042814,0.9618279569892474,0.8574732124903047,0.962722031785603,0.8933009570061419,0.8239627762698721,0.9372588252108045,0.9965205288796103,0.9988518943742825,0.8386871508379888,0.9608678806664083,0.8064263322884013,0.9937129054520358,0.9176646706586826,0.9592668024439919,0.9390893122551006,0.9565217391304348,0.9565217391304347,0.9211195928753182,0.9669260700389105,0.9968810916179337,0.999999
D07,0.7638888888888888,0.9608323133414932,0.6666666666666667,0.9310609157808668,0.3911477097272259,0.5084655572755418,0.8872875092387287,0.9626339969372129,0.9867317370748818,0.9805617476593848,0.9626749611197511,0.9272727272727272,0.9480175020695015,0.8964819143112841,0.5763440860215054,0.9667469672201671,0.9817518248175182,0.9635632390899813,0.8633707865168538,0.9843617368592883,0.7197943444730077,0.9436875567665758,0.9371138667680151,0.9321405395383331,1e-06,0.8762886597938145,0.8808831079924697,0.9996854318163249,0.9954257565095003,0.7471264367816092,0.8474811386187665,0.9007481728149461,0.8923877327491786,0.903175591531756,0.8826147224046107,0.9923793395427605,0.999228773750263,0.800371977681339,0.9665022072189041,0.8457571495546179,0.9945115609248739,0.36363636363636365,0.9588950192442599,0.9528310142644613,0.8611713665943601,0.9368029739776952,0.9796696315120711,0.9701873935264055,0.992852888624181,0.999999
D08,0.9398663697104678,0.9583333333333334,0.9444444444444444,0.9318832444569184,0.33516483516483514,0.49750499001996007,0.9180187401531276,0.978567318757192,0.9847169671340603,0.9836561743341403,0.9595959595959596,0.9368503937007874,0.9466323336362717,0.8970387792492661,0.0391304347826087,0.9611879160266257,0.9845034108610409,0.9725659758461308,0.8157349896480331,0.9850631632137444,0.628286491387126,0.949407443343267,0.9373070553840491,0.9343360234776228,0.7575757575757576,0.897714907508161,0.8272650296359019,0.9996484960239715,0.9975271067148562,0.9131736526946108,0.8912016251306434,0.978530289005451,0.9102114345311463,0.8033913840513291,0.9569034317637669,0.9967637540453075,0.999155672823219,0.7997946611909651,0.961352657004831,0.8439383791024782,0.9930565254693831,0.9458128078817734,0.9558005635183143,0.9433526556388142,0.9464285714285714,0.9508196721311476,0.9776119402985075,0.953061224489796,0.9977220956719818,0.999999
D09,0.6,0.999999,0.999999,0.9286229271809663,0.42488262910798125,0.4924874791318865,0.9148393676695564,0.9796913078797725,0.9318181818181817,0.985080159392086,0.9375000000000001,0.9512195121951219,0.9456401283172936,0.8967773200872304,0.3448275862068966,0.9691713691713691,0.9863035019455254,0.975591926247817,0.8648332358104155,0.9830926704441602,0.780377736921277,0.9368048533872598,0.9373422336904695,0.9270557029177718,1e-06,0.8695652173913043,0.8839103869653767,0.9992726611510135,0.9933554817275747,0.9032258064516129,0.9012973259200423,0.9757987763426241,0.909706546275395,0.8047538200339559,0.9576826196473551,0.996389891696751,0.9996168582375478,0.7168141592920353,0.9592592592592593,0.8047619047619047,0.9929639401934917,0.980295566502463,0.9577211394302848,0.929897567221511,0.9298245614035087,0.926829268292683,1e-06,0.9672131147540984,0.9922279792746113,0.999999
D10T12,0.962004180814749,0.9022703203600743,0.9896839486307211,0.9320354431987804,1e-06,1e-06,0.8717948717948718,0.9725250763192324,0.9603409471979899,0.983067803816622,0.9556380893428247,0.9482057308144264,0.9235356762513312,0.8847964208596771,0.9331500152765047,0.9694973299280242,0.9860657047789255,0.971763452317528,0.8348045397225726,0.9814086353844712,0.7446781225955375,0.9339810994276588,0.9261523359064745,0.8651877133105801,1e-06,0.862478777589134,0.8780982216898554,0.9988058897468127,0.9909710391822827,0.9321439017256508,0.9221847762013106,0.9741373577246786,0.9401889361463202,0.8893150684931507,0.9587523579521562,0.9981468075865064,0.9940256709451576,0.7729323308270677,0.9589072809352934,0.8186743951612904,0.9882172531960505,0.958288190682557,0.9730373216000715,0.9483545566124579,0.6061575369852059,0.9223300970873786,0.8917910447761194,0.9452229299363057,0.9896253602305475,0.999999
D13T15,0.9619160304350508,0.19109461966604827,0.9788045782111064,0.9327964551976369,1e-06,1e-06,0.5867768595041323,1e-06,0.953851028979233,0.9872662881223622,0.9573930753564155,0.942272364909362,0.7910502958579881,0.8970309470715284,0.6225490196078431,0.9602420295325607,0.9315469225368593,0.9696099949349991,0.8275135460565923,0.9750008277871594,0.5882671480144404,0.9274154782887357,0.92884520615452,0.8481735159817352,1e-06,0.8727272727272728,0.8585285072155194,0.9991978041855746,0.9915771484374999,0.9491525423728813,0.9550902970395995,0.9814288530407071,0.9348873930025763,0.8345121551360719,0.9756581681642948,0.9976314542870678,0.9972889823022327,0.8276069197501201,0.9609724047306175,0.8438450350390058,0.9905412911986174,0.9671682626538989,0.9665868718958341,0.9480104852802796,0.8711133400200601,0.9344262295081968,0.8926108374384236,0.9448643841707425,0.992039248356938,0.999999
D16,0.9511449987521622,0.9653245106518764,0.9886246122026887,0.9314324507807197,1e-06,1e-06,0.6242774566473989,1e-06,0.9776665853063218,0.9785668586052464,0.9650879013662044,0.9292295817453808,0.8804909560723515,0.8975811747943497,0.02631578947368421,0.9635072384594373,0.9779800713494895,0.9708133971291867,0.8491008600469115,0.9825344808959632,0.576969696969697,0.9238476953907817,0.9328713728886964,0.834375,1e-06,0.8996913580246914,0.8428759151492397,0.9992800446372325,0.9898853674983142,0.9030732860520095,0.9165276814771783,0.972485073786189,0.9388822995883626,0.8553660982948846,0.9524063393592787,0.996937212863706,0.994328922495274,0.8108707709373265,0.9635258358662613,0.811965811965812,0.989244331097189,0.9537275064267353,0.9586214779676515,0.9452026034012176,0.7154255319148936,0.8957528957528957,0.9512987012987013,0.9415322580645161,0.9910543130990415,0.999999
D17T18,0.9616246753378003,0.9638828299589183,0.9893955461293743,0.9326400411970017,0.43395561817541395,1e-06,0.9122451412900918,1e-06,0.9654838834500638,0.9870673897148428,0.9635156850415706,0.9437899771099858,0.8188129899216126,0.8967566563676578,0.9231576737350409,0.9643038079813961,0.9588691796008869,0.9695376397930229,0.8665640510146385,0.973828230831753,0.729388560157791,0.9066485753052917,0.9297933000712757,0.874574623237725,1e-06,0.7465753424657535,0.86586284853052,0.9991964913455422,0.9996693504389373,0.9444141689373298,0.8914854556756849,0.9680332040504729,0.9219875776397515,0.8597431741678095,0.9544748648337744,0.9971606033717835,0.9982057182977728,0.796499656829101,0.9622931896883418,0.8143650242886884,0.9931368026725933,0.9531249999999999,0.9613884692407687,0.9451653011126343,0.8757396449704142,0.8216867469879519,0.9383033419023137,0.9375000000000001,0.9960383836605335,0.999999
D19,0.36363636363636365,0.9409448818897638,0.3,0.9325473584551472,0.44709557617786133,0.5022307202039515,0.7035647279549719,0.7066639271282789,0.9886495137264558,0.9760086504021085,0.9412811387900355,0.9170235546038544,0.8730088519156057,0.891953524486384,0.4424242424242424,0.9636489636489636,0.9828786999419616,0.9592403890690134,0.6752577319587629,0.9183581416328372,0.7662792009931159,0.8866396761133604,0.9306883201425293,0.475,1e-06,0.8317460317460317,0.8720804886812791,0.9543210859440309,0.8794460182562165,0.733921815889029,0.6616330870378595,0.8539479942920565,0.8623228368168533,0.9891095915192301,0.7562004602403477,0.9937573156457276,0.991404011461318,0.8217539863325741,0.9234234234234234,0.6437414030261347,0.9939572821729852,0.017770597738287562,0.9591070310870019,0.9432301305456909,0.8033707865168539,0.8343949044585988,0.9930167597765364,0.9578544061302683,0.9211322385479689,0.999999
D20,0.9593687928714021,0.9649928786369819,0.9853141653240798,0.9324243959384153,0.4423350020997723,0.4995430131086377,0.9122580376304877,1e-06,0.9591927443890578,0.9738585579359594,0.9544973544973546,0.9424107900929093,0.9513635941546281,0.9024801999130692,0.7923479661699556,0.9644423871025098,0.9699367745327264,0.9494137101623571,0.8631975867269985,0.9722870478413069,0.6212189871983687,0.9105659498486144,0.9274945976865386,0.8760469011725293,1e-06,0.8607456140350876,0.8346131877895537,0.9983608762167342,0.9856411238213756,0.9316275764036958,0.848177366274584,0.9595639892597301,0.900597397055686,0.8707032220657667,0.9496206418091104,0.9972552607502287,0.9969823826966684,0.7931275317781813,0.9560460290511225,0.8110009910802775,0.9930628659293868,0.6864826610049539,0.9593273772795387,0.9462543653981734,0.8651315789473684,0.8465530022238695,0.7748091603053435,0.9312063808574278,0.9904810384321711,0.999999
D21,0.9620116772641445,0.8610968733982574,0.9779559118236473,0.9305998723675813,0.43095768374164817,0.49259259259259264,0.8982378854625551,1e-06,0.9734457981880662,0.9886552371963007,0.9433962264150945,0.9659475404147025,0.8590508667235011,0.8801783820458603,0.9560604231489667,0.9631426625808649,0.9854145342886388,0.9585326953748006,0.8475648323845668,0.9804931109499637,0.7414201183431952,0.8936725375081539,0.9160891353022711,0.7247058823529412,1e-06,0.8753315649867374,0.8474774473772135,0.9974340824632808,0.9925969795676636,0.9136904761904762,0.9100808343693612,0.9771313749880394,0.9193107061768644,0.7897449569003822,0.9574836475567526,0.9988195091643367,0.998795413968896,0.7813134732566013,0.9618333914255839,0.8221587162013629,0.9912534608608105,0.9320388349514562,0.9676053522212862,0.954330979313793,0.867311072056239,0.9331306990881458,0.8309278350515463,0.941351150705271,0.9956560283687943,0.999999
D22,0.47082018927444796,0.9656504573904671,0.9506726457399103,0.9314693437318511,0.4411116885688124,1e-06,0.6486083499005965,1e-06,0.9034599564481006,0.9826160712162407,0.9410867113381544,0.9298538925637856,0.7881452070334657,0.897425371517171,0.4469622973236961,0.9704888714288951,0.9730404551201011,0.9724791859389453,0.8611619074412716,0.9801333703806613,0.7145915090973957,0.9387969924812031,0.9203498166683183,0.8196657598134474,1e-06,0.7988826815642459,0.7970089367134781,0.9983776768332252,0.9960240088695188,0.8758503401360545,0.8683035165135009,0.9663308036645435,0.9052405267401237,0.8399887514060743,0.9679088696908837,0.997462894836991,0.9970909662709332,0.8131972466176122,0.9564092356687899,0.7998075072184793,0.9911851767053168,0.9725818735719726,0.9613130262902324,0.9499856724050522,0.9187089061566047,0.876765083440308,0.49777777777777776,0.9291866028708133,0.9955927392246209,0.999999
D23,0.9497498863119599,0.9484327603640039,0.9470198675496689,0.9306860674795187,0.4379927931784937,0.493134549370667,0.9185937805807322,0.9292719167904903,0.9658037214512415,0.9829078159676246,0.9632364019888504,0.9402624855870316,0.9440517887482495,0.8959762957342219,0.9066793633519249,0.965971090942001,0.9868485012854296,0.9752838563387247,0.8660639501247743,0.9851699425246576,0.7421439432336544,0.9360057265569077,0.9351662623908933,0.9313181834656229,1e-06,0.8453038674033149,0.8853989257172803,0.9994658334836589,0.9962956655028529,0.7930207778369739,0.9280210571875771,0.9757575427928052,0.9230321232399593,0.857063949920216,0.9551916099209702,0.998633257403189,0.9991458001842392,0.8321320182094081,0.9651559647591078,0.8270645952575635,0.9925979281226028,0.9565701559020046,0.9606102244301166,0.9454708696323106,0.9623655913978495,0.956183745583039,0.9682939104177153,0.9576547231270358,0.996777392166584,0.999999
D24A,0.8614035087719298,0.7790697674418605,0.8936170212765957,0.9321496033245183,0.4101046451063024,0.5084202009238582,0.8595020951441952,1e-06,0.9910766807246334,0.978091331199567,0.9084380610412927,0.8952734012974976,0.9516544079057132,0.8840653728294178,0.8740005514199063,0.9301797149349308,0.9860002849814761,0.9754948616567645,0.8651058958866039,0.9623869430423531,0.7563612819682746,0.912726937609437,0.93642713389369,0.8286978508217446,1e-06,0.8164665523156089,0.8686634273696424,0.9996252335219422,0.9998724975106656,0.5792154865002547,0.8696340264978549,0.9026872709860094,0.9004729197162482,0.9441518485685977,0.8855949970114102,0.9928288822947577,0.9991362269729738,0.8520465220308655,0.958859829562151,0.8012919101814826,0.9954199354295936,0.7125748502994013,0.9608395055322791,0.9462879804047355,0.7062228654124457,0.8680297397769517,0.9827861013707364,0.9567972350230415,0.9955930684194803,0.999999
D24B,0.7175141242937852,0.9375,1e-06,0.9302080673985194,0.43875251263933723,0.5033645753619596,0.8706120198492924,1e-06,0.9917167415467286,0.9763491249908473,0.9525611175785798,0.9230337078651686,0.9443882945640005,0.8932392634065828,0.49159663865546216,0.9533317672852557,0.9828433782322289,0.9404668290531081,0.867227133719232,0.8918612442657595,0.5701785089254463,0.7513544891640868,0.9282395762436008,0.4375,1e-06,0.08866995073891626,0.6650065530799475,0.9996291715609805,0.9993066811576551,0.635250917992656,0.782019551788249,0.8816673368498239,0.886341897819849,0.9550196049419251,0.8850656672857523,0.9976412380623633,0.9976999597492956,0.8408119658119658,0.9567398119122257,0.8009837306091562,0.9946839577100491,0.8217391304347825,0.9581505425998614,0.9420953575909662,0.7922330097087378,0.8831521739130436,0.9505061867266591,0.9210053859964092,0.9850574712643678,0.999999
D25,0.9256434699714012,0.9505334626576141,1e-06,0.9274987485399634,0.440185240513893,0.4910962588786666,0.8939106901217863,1e-06,0.991485813900609,0.9844565921903853,0.9642571226748292,0.9460564283424174,0.9333584091057762,0.8956248867862205,0.8873837444399514,0.9668783905351253,0.9853112241406838,0.9756007051172375,0.8665387427647084,0.9866481882098431,0.7767968760068562,0.9469740393734433,0.9357667717089417,0.9139310057031576,1e-06,0.798002219755827,0.8472868613511993,0.9995242822867544,0.9990163531292267,0.8938515081206496,0.922415541462882,0.971722214725858,0.9213286380508232,0.8345949770074284,0.9630301849099813,0.998439282069752,0.9993020088525706,0.828706916493176,0.9651839044325682,0.8390083163345364,0.9931431630677997,0.9683604985618409,0.9597019569877603,0.9503823581717944,0.9649422830269345,0.9739551786795883,0.9814658803706824,0.9555175363558597,0.9981841659268824,0.999999
D26,1e-06,0.8562091503267973,1e-06,0.7709832134292565,0.3590697674418605,1e-06,0.8543371522094927,1e-06,0.9910046841186344,0.9776110790536641,0.9563183320620391,0.9503863253766133,0.885796620874783,0.8908016889338778,0.8848223350253807,0.9664279161668197,0.983003381047856,0.9731137476938736,0.8662616708640124,0.974278494480649,0.7993021720280128,0.9466651822743497,0.9270144673704847,0.5905111927831608,0.014492753623188406,0.831972284088097,0.7371717779114051,0.997984858748397,0.9877592390456886,0.9536411172044382,0.8056393536640238,0.9371589834462473,0.838701729955546,0.8167782145260101,0.9273790191620657,0.9947241260292886,0.9962510793175435,0.8128273710018946,0.9410901581435792,0.830078125,0.9925168913183716,0.9195952161913523,0.955341133847206,0.9447645381720039,0.8943447341686421,0.9019073569482289,0.46429957314707027,0.9327438370846732,0.9933044958814597,0.999999
D27,0.7644927536231885,0.9598238855255917,1e-06,0.9027909176915799,0.4179910998092816,1e-06,0.9063916922626883,1e-06,0.9900127072809569,0.982813536106793,0.9596195561488402,0.9446859017995844,0.8596776378166057,0.895822082242261,0.7692686530411228,0.9689692060363635,0.9852465120748577,0.9733863245451572,0.8666719889248646,0.9819930178415064,0.7828369565369283,0.9553136401595285,0.931487513572204,0.7841279390384518,1e-06,0.8709225535321192,0.7647867950481432,0.9976363422742257,0.9860598117478853,0.9016104680422748,0.8808922998600723,0.9664166925073033,0.9059532728191368,0.834006300749878,0.9569231444787196,0.9987422541260199,0.9986617100371746,0.8315222526693754,0.9587493067110372,0.8240740740740742,0.9921490362961467,0.9699899966655552,0.9605138194699592,0.9437807364759506,0.9189399844115355,0.9388839681133746,0.8904746100232327,0.940423162583519,0.9972568409645082,0.999999
D28,0.9290519877675841,0.9564369310793237,0.968,0.9283672740264381,0.43610572557488897,1e-06,0.9018288837502628,1e-06,0.9933996088657107,0.9832488884293247,0.9611017425519954,0.9445540523612678,0.9291413819693567,0.8913429351834591,0.9123757014866595,0.96819614424297,0.9830165646413073,0.9754197703525412,0.8664880801603577,0.9837980674583281,0.7831345185810036,0.9515253730482018,0.9379930621558535,0.928303077860534,0.9611945690459706,0.8995594129923478,0.8338741251240246,0.9986446016908404,0.9915897770882666,0.9459597507406272,0.8960281745255332,0.9743609839112375,0.9055878340345555,0.8004278143158163,0.9595297745230295,0.9978870449443149,0.9990173901472891,0.8393322900365153,0.9609420430315954,0.8317612664791219,0.9918370649848527,0.9627703257596495,0.9594554528833324,0.9473299751944119,0.9511002444987775,0.9738305528295714,0.9096340552651232,0.9533423059668013,0.997393004562242,0.999999
D29,0.8660578386605783,0.9066666666666666,0.9540229885057473,0.8685612788632328,0.4402622517805764,1e-06,0.9025494400762449,1e-06,0.990007747472139,0.9735138993056395,0.9575569358178054,0.9405936454849498,0.9158978759922763,0.8942699574261775,0.463375796178344,0.9688283571808144,0.9857895005878444,0.9752538108540684,0.8665866007579112,0.9821924724982134,0.7824417701710336,0.9509204951371668,0.9327366167627381,0.9452153042198908,1e-06,0.8736733108982656,0.8843237125070741,0.9983979921501616,0.987487969201155,0.8876944837340878,0.9327311560320517,0.973732877498107,0.9129823761774535,0.7995453960629584,0.970787042773166,0.9985645074466176,0.9989613858080789,0.8269331016507384,0.9601290619958517,0.8256653377868763,0.988989268020729,0.9453463203463203,0.9601602136181575,0.9523215177234149,0.9396051103368178,0.9322845417236664,0.9373230893651435,0.9738244367579695,0.9987169794029374,0.999999
D301,0.9306930693069307,0.9639175257731959,0.8749999999999999,0.896551724137931,0.43896925858951175,1e-06,0.902676399026764,1e-06,0.9930477963997517,0.9843032478917927,0.9596622889305816,0.9359487590072058,0.931136543014996,0.8958078505504282,0.09523809523809523,0.9643461288223812,0.9793733681462141,0.9756921158213031,0.8654497276608274,0.9858597419939432,0.7847097247217223,0.9538635282929149,0.9355770205005235,0.3068592057761733,0.9676247863751547,0.902439024390244,0.848122866894198,0.9985732814526589,0.9941916747337851,0.9587955625990491,0.9060290617117277,0.9686147186147186,0.9067796610169493,0.8417329796640142,0.9643842817715862,0.998286203941731,0.9986705663387397,0.7866666666666666,0.9441489361702128,0.8072289156626505,0.9928427079824856,0.8800000000000001,0.9545814032312733,0.9536820192557898,0.9580838323353293,0.9466666666666667,0.5535714285714286,0.950354609929078,0.9974293059125964,0.999999
D302T309,0.9152542372881356,0.7499999999999999,0.9375,0.9287072243346007,0.44020581973030515,1e-06,0.9072063178677198,1e-06,0.993761069071003,0.9819439428873025,0.9538823529411764,0.9349558475123843,0.9176450570018716,0.8934720229555236,0.7518610421836229,0.9694156859824221,0.9796014732269335,0.9752314524908238,0.8664183192724882,0.9840070858462211,0.7815024185558599,0.9540156453133307,0.9346267627361659,0.9104105884864443,0.9042553191489361,0.9097367772681402,0.8666187309005933,0.9976087996174079,0.9932375316990701,0.9019073569482289,0.8898994697643057,0.9609421652106601,0.90890926187118,0.8190526875997871,0.9606866789965383,0.9982425307557118,0.9992276365678977,0.808585503166784,0.9537095751426761,0.8319938767699961,0.9898473339851094,0.982066609735269,0.958006230529595,0.9342300932810598,0.892116182572614,0.9532163742690059,0.9579139981701739,0.9377289377289377,0.9959748427672955,0.999999
D31T33,0.9596583761834352,0.9632067223625412,0.9837251356238699,0.9276065119501213,1e-06,1e-06,0.8808316430020284,1e-06,0.97226638403109,0.9841307388933526,0.9648972487893869,0.9414930215646239,0.8958834134615385,0.8970607511585051,0.8351548269581057,0.9686281502057518,0.9814337287261474,0.974701474918923,0.8661262810796941,0.9838426223416197,0.779317697228145,0.9504427892792212,0.9320009525728626,0.8880516684607105,0.9656800435808969,0.9053832902670113,0.900990099009901,0.99899045666062,0.9912413168227121,0.9494985673352436,0.9110048082676859,0.9686910276205181,0.9242607730346151,0.8440737252791605,0.9618768328445747,0.9975573347808387,0.9984074797082092,0.8061420345489443,0.9606860158311347,0.8484735666418466,0.9898557572051916,0.9873626373626373,0.969136034243232,0.9494045342105935,0.9463696369636964,0.954646017699115,0.7681660899653979,0.9465437788018434,0.9943726819286354,0.999999
D35,0.9458453906572964,0.9314285714285715,1e-06,0.9327638538033787,0.447022501965074,1e-06,0.8865030674846627,0.45891931902294597,0.9927806155378119,0.9770620127682782,0.9452509332227292,0.9651056014692377,0.9267084360673107,0.7759789980310654,0.7412199630314233,0.8749237339841367,0.981675793080241,0.9659476117103235,0.8327376697641172,0.9724419948439861,0.7826819176972339,0.9543778915046058,0.8625132994443788,0.44823529411764707,1e-06,0.4273504273504274,0.8923574859051994,0.9993311968789188,0.9965030598226552,0.9932661927330173,0.8334614477179151,0.9357499259529288,0.8932421715926872,0.8988459663000488,0.8769066642455057,0.998595900028082,0.9983377055141425,0.828858732793127,0.9670653829945866,0.8548870531471598,0.9936780179415509,0.569620253164557,0.9547042211652793,0.934656426634223,0.9575821845174973,0.8943248532289628,0.9697894415624047,0.9698880976602238,0.9942442767950053,0.999999
D36T39,0.9603460706560922,0.9634146341463414,0.8942307692307693,0.9314938154138914,1e-06,0.45475910693302,0.848137535816619,0.9439252336448598,0.9706530323814274,0.9854666820560174,0.9621409921671019,0.9787203858703362,0.9315646412594144,0.897355290537668,0.9173000912131347,0.9688826025459689,0.982511335245674,0.973379187364667,0.8651781356759395,0.9844001378993334,0.7824408259190868,0.9461581604038138,0.9296482412060302,0.9407354001441961,0.9639074146724205,0.830357142857143,0.88817466474565,0.9996579719537002,0.9999693862652658,0.9972378516624041,0.9242270337699368,0.9838298034435472,0.9076599249565296,0.7717334721499219,0.9704344795539034,0.9977744807121661,0.9993927053191869,0.7928188793977125,0.9674426595653296,0.8444846292947558,0.992049876563873,0.9921396006917151,0.9597495527728086,0.9129825455472036,0.9903437620702974,0.9819884726224783,0.9392405063291139,0.9785794813979706,0.9996143228320884,0.999999
D41T43,0.960571680673642,0.9627698692977027,0.05,0.7806339694054566,0.0006802721088435375,0.47744169467359204,0.9166137178467099,0.9651424528908611,0.9805495604569142,0.9793719989891333,0.9647082000333227,0.9618200933286607,0.9438484724038594,0.8961685197649434,0.9189269598849605,0.9677331027968951,0.9871442184017098,0.9758024350735336,0.8628328031841799,0.9859607522196184,0.7611330436032689,0.9540490903068892,0.9319809856783371,0.7563616996094212,0.943487250172295,0.8869139385145551,0.8823831373447163,0.99846375115651,0.9925993895992499,0.9983620715474251,0.9447924357639437,0.9826666608688845,0.9351203611394264,0.8349074543610548,0.9676068338049566,0.9980942970073404,0.9991461480823184,0.7621841155234658,0.9676502696086539,0.8610502418320007,0.9915831536978883,0.8380825565912117,0.9493504327960878,0.8816852070764195,0.7891205367840882,0.9713467048710601,0.9638755094479436,0.962575117510561,0.9988946487695293,0.999999
D45T47,0.9183901621017329,0.859375,0.8716216216216216,0.9307657038055938,1e-06,1e-06,0.8978159126365055,1e-06,0.9875289728079598,0.9841208543660755,0.9548833189282627,0.9932838508547827,0.947571201330104,0.8941621018911002,0.6927835051546392,0.968441187956289,0.9672805642633229,0.8757763975155278,0.8412006778019849,0.980474644473913,0.7837337124284846,0.953877886412173,0.8685121107266435,0.9377010761038385,1e-06,0.9059194655780294,0.8787637296004989,0.9987908375716995,0.9945130315500685,0.9899370728002603,0.9088897661358615,0.9897656723593722,0.9090720359626201,0.7301012264784945,0.9718767528674495,0.9994156771652407,0.9992933407760188,0.7749863130360727,0.9654465490354119,0.8510552906180651,0.9916531357282915,0.9936717135738629,0.9696257861167689,0.9419565760285555,0.8629727936297281,0.9867591733033664,0.9482838589981447,0.9585882065084413,0.9995217553029607,0.999999
D49,0.9422776911076444,0.9614285714285714,1e-06,0.9311377245508982,0.002158273381294964,1e-06,0.9073966220151428,1e-06,0.9906072401001406,0.9831544205349411,0.9548751007252216,0.9717011642949547,0.9524622793381645,0.8410086738799964,0.8340874811463047,0.9693859212563591,0.9713547781169288,0.969303667078698,0.8072289156626505,0.943190763579113,0.7746045037231973,0.9469154967602593,0.9172384966386847,0.9441246309698725,0.9574898785425101,0.9063904992183024,0.8871810449574726,0.9996758006314841,0.9980101977365999,0.9945139261873707,0.948819643524866,0.9911385058864045,0.9151279964949615,0.8138504155124654,0.9779474130619169,0.9970423412204235,0.9997864037315844,0.8187340153452686,0.9679038496960767,0.8713790325405443,0.9935903470256385,0.9913584514344971,0.9561469109643108,0.9111056524468462,0.9521086490350249,0.9964677312532194,0.9833174451858914,0.9640974140095405,0.9996903348027251,0.999999
D50,0.8771929824561403,0.9310344827586208,0.7555555555555555,1e-06,0.021707670043415343,1e-06,1e-06,1e-06,0.96066089693155,0.984,0.902439024390244,0.9246575342465754,0.9661133123275504,0.6734860883797054,0.922266139657444,0.9381107491856678,0.9560632688927944,0.9632478632478633,0.4285714285714286,0.975390625,0.7644207464857005,0.8993839835728952,0.9358466340513139,0.9138335287221572,0.9661105895661198,0.8629441624365483,0.8723723723723724,0.9721603563474388,0.9976947902259106,0.6728971962616823,0.905600937183384,0.9590735513863523,0.9093388909644979,0.829243353783231,0.9780806160433275,0.962962962962963,0.9951566031643526,0.7968036529680366,0.9682147110011907,0.869537946895254,0.9931914675505515,0.9621621621621622,0.953015873015873,0.886333849636602,0.9790922998470168,0.8773234200743495,0.927710843373494,0.9670542635658913,0.9965870307167237,0.999999
D51,1e-06,0.9634551495016611,1e-06,0.9279538904899135,1e-06,1e-06,1e-06,1e-06,0.9831304223642401,0.9854263143557613,0.9203539823008849,0.9398786541643684,0.9658008149192916,0.8654235914065668,0.9014778325123153,0.9499561018437226,0.9662243667068756,0.9253333333333335,0.8598277212216131,0.8885793871866295,0.7721006253553155,0.9500909177911762,0.9306102757899816,0.876172607879925,0.9619952494061758,0.9041968875431308,0.8905141843971631,0.987308533916849,0.9946476360392508,0.9592592592592593,0.9030205565655153,0.9684499314128945,0.891891891891892,0.7238911164014534,0.9453151813293673,0.872992700729927,0.9995445920303606,0.781851937804595,0.9632838283828382,0.8597873671044403,0.9853129145062101,0.9898322318251144,0.9597483083538861,0.9162840363053925,0.9009433962264152,0.937142857142857,0.625,0.9441441441441442,0.9961522017956391,0.999999
D52,0.955164131305044,1e-06,1e-06,1e-06,1e-06,1e-06,0.9083969465648857,1e-06,0.9911973861233904,0.9843853925822696,0.9578877005347595,0.9410545705733363,0.9517058075008846,0.7035573122529644,0.9122580645161291,0.9690488233735578,0.9727767695099818,0.9501689189189189,0.23529411764705885,0.9821272885789015,0.7771453888623817,0.9501997584316642,0.9358237120908186,0.9418587115967262,0.9,0.903848885101548,0.8717547700969659,0.9974816091192258,0.9896373056994819,0.9824812298891671,0.9242846389222903,0.9912957853453288,0.9098473353527939,0.7395267309377739,0.9733905260616864,0.9908015768725363,0.9996800950574685,0.7779783393501806,0.9652143359100492,0.873173371820314,0.9729449102734896,0.9928003291278114,0.9621673393993294,0.9386825508058865,0.90625,0.858085808580858,0.9803586678052947,0.9758748674443267,0.99933598937583,0.999999
D53,0.8648648648648649,0.5,0.999999,0.9311827956989247,1e-06,1e-06,1e-06,1e-06,0.9900136504059199,0.9883683073371415,0.9290322580645162,0.9919844330191373,0.9513119347853777,0.8722415795586527,0.9433811802232854,0.9690636221342419,0.9242424242424242,0.9122807017543859,0.35,0.968063872255489,0.7471910112359551,0.9497840172786178,0.9286750483558994,0.9424367185117414,1e-06,0.905289979902383,0.8927775300936246,0.9989113222486143,0.9937106918238993,0.994588093806374,0.9235591681438885,0.9907732397362262,0.9006802721088436,0.7260501567398119,0.9766892297833141,0.999169880034276,0.999636310736107,0.7984496124031009,0.968456458427335,0.8719498289623717,0.9873129150560016,0.9935612448260003,0.9675739826193485,0.9478252709613849,0.9399293286219081,0.9510086455331411,0.16666666666666669,0.9539877300613497,0.9953959484346224,0.999999
D55T56,0.9609117336306483,0.9379143088116411,0.9898286987008841,0.9272890484739676,1e-06,1e-06,0.7391304347826086,1e-06,0.9628137940277386,0.9861622645480375,0.919672131147541,0.9514685450256873,0.9401591824702761,0.8909098209266844,0.14285714285714288,0.9669417677163538,0.98080364405401,0.8541666666666666,0.6283185840707964,0.9741041854862993,0.7782352218262258,0.9481098849495188,0.925412087912088,0.9344415390362346,1e-06,0.8241758241758242,0.8877649325626205,0.9994888168204406,0.9964457746808211,0.9963414634146341,0.9352944391476234,0.9838055872718299,0.9379116670921624,0.8520114942528736,0.9669648049178966,0.9972630858706808,0.9885619789154552,0.8078960038517092,0.968146456631962,0.8585247883917775,0.9911913279522534,0.9938593969592435,0.9681131584087505,0.9358660130718954,0.851063829787234,0.9847560975609756,0.8068965517241379,0.9559118236472945,0.998656706637835,0.999999
D58T60,0.9569190600522194,1e-06,0.999999,0.9333333333333333,1e-06,1e-06,0.7000000000000001,1e-06,0.9913430470035969,0.9845292427931934,0.8596491228070176,0.9704311406363971,0.9306057866184448,0.8967621253284638,0.8797127468581687,0.9546211490424648,0.6590909090909091,0.7,1e-06,0.9329896907216496,0.7829141768993367,0.9501708940456918,0.7968253968253969,0.9065743944636678,1e-06,0.7499999999999999,0.8932926829268293,0.9990051872379735,0.9961089494163425,0.997943797121316,0.9233419682603556,0.9845377090564847,0.8866525423728814,0.734935372292008,0.9623024830699775,0.9942028985507247,0.9992168099331422,0.847032524868671,0.9677107358083477,0.8509607351712615,0.989577905158937,0.9926335174953959,0.96928529238039,0.9305317324185249,0.9622356495468278,0.9746300211416491,0.9415584415584415,0.9643619291506614,0.9989482382991511,0.999999
D61,0.9610378912685338,0.9572072072072072,0.9871794871794871,1e-06,1e-06,1e-06,1e-06,1e-06,0.9770037686934396,0.9834948147426846,1e-06,0.9955079060852899,0.9508602039765117,0.7012987012987013,0.9408190224570674,0.9656154183092421,0.9631675874769797,0.9298245614035087,1e-06,0.9573325798248093,0.7854851080148281,0.9533695873144948,0.9061712846347607,0.827909887359199,1e-06,1e-06,0.8817567567567568,0.9993413084588741,0.9962001266624446,0.9940627650551315,0.864558357689144,0.96802357306559,0.8383371824480369,0.7508102955195425,0.9358974358974359,0.995628946090335,0.9984976782299918,0.7659432558616799,0.9710415480386434,0.8726145702744115,0.9921987045121432,0.9933757286698464,0.9721235331819369,0.9494967457410107,0.9532085561497327,0.9818022363516773,0.5,0.9365256124721604,0.9981322957198443,0.999999
D62T63,0.6170212765957447,0.7499999999999999,1e-06,1e-06,1e-06,1e-06,0.125,1e-06,0.991230850501849,0.9751764973810065,0.20689655172413793,0.9905139233269737,0.9383852691218131,0.8868957385885126,0.898804780876494,0.9604033675640669,0.1075268817204301,1e-06,1e-06,0.9301788805539526,0.7832600262463406,0.9478266395526181,0.708655876143561,0.7230188679245283,1e-06,0.5851063829787234,0.8861215458241136,0.9977499725606409,0.9870786516853932,0.9427902308464371,0.829196190300911,0.9732465510012578,0.8454653937947494,0.7338861076345432,0.9314385150812065,0.9972379570244838,0.9990744311608175,0.7560845145760898,0.9689830299438013,0.8779689552599392,0.9902501874963942,0.9936456650511577,0.9639253596077428,0.9306144211883632,0.8645548880393229,0.8320870156356222,0.37004405286343617,0.9700590578217277,0.9923686105111592,0.999999
D64T66,0.9480986639260021,0.943661971830986,0.9826589595375722,0.9310344827586207,1e-06,1e-06,0.6896551724137931,1e-06,0.9906897875607884,0.9844084171193982,0.5882352941176471,0.9881614012145709,0.951954025823478,0.871456427178641,0.8987393249288328,0.9052537045352492,0.8723051409618574,1e-06,1e-06,0.9008528784648188,0.7405296343001261,0.907906976744186,0.9341075405663379,0.9093756992615798,1e-06,0.8498583569405099,0.8999226205829249,0.9984884684772538,0.9945167049222137,0.9969409872745071,0.9333447207621296,0.985818574013495,0.8933523654159871,0.7330136614493803,0.9547011800532927,0.998985413236199,0.9998716699276143,0.7872869607763191,0.969034764966817,0.8750483412322275,0.9741488400120519,0.9938273334080323,0.9711258058685305,0.9469402441779704,0.9578401167504459,0.9950824834669703,0.9744128987031195,0.9789002486874828,0.9985658632646945,0.999999
D68,0.9600142806140662,0.9567307692307692,0.9901768172888016,0.9327830188679245,1e-06,1e-06,0.625,1e-06,0.9921894106138421,0.9799879324215608,0.15,0.9816628828170892,0.9510460682263218,0.8832831325301205,0.8113772455089822,0.9622716441620334,0.9408866995073892,0.8214285714285714,1e-06,0.9841787247575132,0.755677907777013,0.9090909090909091,0.9219058359176769,0.7837837837837838,1e-06,0.6666666666666667,0.8984208279982927,0.9991935147461657,0.9974293059125963,0.9996445239487656,0.9430091000024398,0.9854487200881086,0.9029391660970607,0.7304063404201787,0.9551153460381142,0.9939246658566221,0.9994617636927317,0.8047232097511426,0.9686300943689723,0.8658005927981334,0.9952931289387394,0.9937989724011408,0.9713854198319408,0.9470440183488721,0.9870263895031698,0.9732142857142856,0.3684210526315789,0.9646087298466378,0.9986295111923251,0.999999
D69T75,0.9608784458724076,0.9609984399375975,0.9892936472678809,0.930171009771987,0.04606525911708253,0.49027673896783847,0.640625,1e-06,0.9738690773297838,0.9841716331004247,0.5910364145658263,0.9705486655856962,0.945560898452218,0.8959628381649529,0.9433470864803366,0.9596456692913385,0.9728953950875466,0.9632054879950108,0.7482495225970719,0.985432738206279,0.7858838599008903,0.9516959871219961,0.846397291528667,0.939987084738466,0.917948717948718,0.8630556974961677,0.893490292105459,0.9968096378881417,0.9879549281181194,0.9615515946185891,0.8874317326216441,0.9816177729093212,0.8998316498316499,0.7357829462575203,0.9549171117910423,0.9939407415642892,0.9998275049800982,0.7622596838897779,0.9668035450108535,0.8505377792315241,0.9867436991884954,0.9932758073360075,0.9604843762537494,0.9477527125783984,0.9638627024413827,0.9647577092511013,0.5302390998593531,0.9711237553342817,0.998887377920633,0.999999
D77T82,0.9615277221352174,0.9589502018842531,0.9894415468769876,0.9272727272727274,1e-06,1e-06,0.5937499999999999,1e-06,0.9772570361044551,0.9846192246780969,0.2258064516129032,0.9700025102501882,0.9506018136850783,0.8932619300883982,0.9098628347485305,0.9652005799903334,0.9751671442215855,0.9488372093023255,0.06666666666666667,0.9855635224236365,0.7836783822821377,0.9522329964490576,0.8971315529179031,0.9427634753484148,1e-06,0.8488372093023256,0.8962025316455696,0.9981210279082618,0.9967957276368492,0.9875500222321031,0.9315589703904336,0.9895518990162219,0.9089384537984236,0.7268195647086356,0.9568512681975087,0.9879261363636362,0.9998280438917966,0.7631224764468372,0.9664474417567718,0.8556298070861178,0.9847813093783173,0.9932533217064048,0.970804934863256,0.9239171473145062,0.9267554479418887,0.9270315091210614,0.5714285714285715,0.9636363636363636,0.9985744832501782,0.999999
D84,1e-06,1e-06,1e-06,0.9325319891430787,0.415614236509759,1e-06,0.8865435356200528,1e-06,0.9901331890666462,0.9782648148563529,0.8685064935064934,0.9650312039243687,0.9497385704265765,0.8931002225734653,0.9187763713080168,0.9204161979752531,0.6967213114754098,0.16666666666666666,1e-06,0.9749287271507632,0.7737345810293492,0.9493301191414399,0.8345428156748912,0.9388796847714145,0.9649823736780259,0.9031815060654613,0.8983549266962155,0.9990794208720396,0.9979619565217391,0.9991861241851644,0.9432071705350503,0.9857218766605195,0.901297236322617,0.7289004734294378,0.9501368027248869,0.9925717213114754,0.9998986494019301,0.7701027054108217,0.9690708881282651,0.8596775125700746,0.9869219210863153,0.9934539064216154,0.9601335277415396,0.9202328108024213,0.998540762291095,0.9946847854132623,0.9966148445336007,0.9662079134922585,0.9994260965382143,0.999999
D85,0.9557340473003124,0.9619746497665109,0.9750747756729811,0.9320510342161222,1e-06,1e-06,0.5520833333333334,1e-06,0.967826654782389,0.9865837270796306,0.9478947368421052,0.9615701646731266,0.9417315088095878,0.8963213105331226,0.94288256227758,0.8474264705882354,0.9838996161118433,0.9491150442477875,0.753441802252816,0.9809865349482373,0.7838572764549313,0.8806941431670281,0.9176590677101055,0.8975903614457831,0.9484536082474226,0.8507462686567164,0.8973936662043457,0.9991527608943899,0.9976798143851507,0.9990826031603386,0.8902736165758219,0.983402015958722,0.9018962189167706,0.7307291292155029,0.9391719391719392,0.9942920957935227,0.9998121060632804,0.7695284058996067,0.9688747007182763,0.8438451044180921,0.99442647127208,0.9938516238130339,0.9586699898660678,0.9265685126317551,0.9898275862068966,0.9982826911890977,0.9737302977232924,0.9657320872274143,0.9996881432046404,0.999999
D86T88,0.9589937338739403,0.9327731092436974,0.9670886075949368,0.9326250323918114,0.4384057971014493,1e-06,0.6666666666666666,1e-06,0.9710028878970859,0.9880219856194692,0.8908045977011494,0.8797127468581687,0.9180555555555555,0.4337799653632303,0.9541127829469049,0.9406130268199233,0.964308476736775,0.4285714285714286,0.3333333333333333,0.8102094240837695,0.7862810640258665,0.9042779484755377,0.7494033412887828,0.6277056277056277,1e-06,0.8978374347501865,0.7254299754299753,0.9934809348093482,0.9954565123323238,0.9928481609556742,0.9060002597435854,0.9779214370311883,0.9011949119876654,0.8417631203424765,0.9584790385465654,0.9986704207727203,0.9963121644340799,0.7422746097483276,0.9683045581216566,0.8493411927877947,0.9928769145598818,0.9933520636302482,0.9070757997218358,0.9320817228050801,0.9001367989056088,0.9926206621459912,0.9911542844738699,0.8565737051792828,0.998073949488647,0.999999
D90T93,0.9609845227858986,0.9546925566343043,0.9680851063829786,0.9334442595673876,0.3709677419354838,1e-06,0.9142857142857143,1e-06,0.9855960293632751,0.9834104696979172,0.9640765326044514,0.9930953029890068,0.9485530546623794,0.8926466025442134,0.9119318181818181,0.9641884001557026,0.8148148148148149,0.8823529411764706,0.20689655172413793,0.9751062537947784,0.7862428842504744,0.9401197604790419,0.9074585635359116,0.9259776536312849,1e-06,0.8980891719745223,0.8992012599842502,0.9993446920052425,0.9991371872303709,0.9979870749020023,0.9503107030235577,0.9866966550222521,0.9126891734575088,0.7414165666266507,0.9714964370546318,0.9977708426214891,0.9988858326659936,0.8104011194029851,0.9688449256172599,0.8458218909376226,0.9872536336656267,0.9938488576449912,0.9706762749445675,0.9295654035538428,0.9665809768637533,0.9822256568778979,0.9682539682539683,0.9715773978031933,0.9990196078431373,0.999999
D94T96,0.9614423420207069,0.959409594095941,0.9875657580105213,0.9327406262079629,1e-06,1e-06,0.5172413793103449,1e-06,0.9763968930092708,0.9833251893476668,0.9066147859922179,0.9703311584390005,0.9163987138263665,0.8976068579592809,0.8967093235831809,0.9668786808009422,0.929068150208623,0.8840579710144927,0.8293103448275863,0.9837401937152124,0.7864940091765065,0.9507042253521126,0.876313276026743,0.9420774296547595,0.9565217391304348,0.9064264471358994,0.8931585292344787,0.9992549642058891,0.9973973395026026,0.9946236559139785,0.8841014285494609,0.9789464613970589,0.8949137351557248,0.7563800128672528,0.9645520581113801,0.9968928016571725,0.9994684331043507,0.7580803134182174,0.9660574412532636,0.8250641573994867,0.9815849368921994,0.9939184650017089,0.9682213290961772,0.9338040222507489,0.9638157894736843,0.9819639278557114,0.9301470588235294,0.9773885350318471,0.9997224149895906,0.999999
D97T98,0.999999,0.999999,0.999999,0.999999,0.999999,0.999999,0.999999,0.999999,0.999999,0.999999,0.999999,0.999999,0.999999,0.999999,0.999999,0.999999,0.999999,0.999999,0.999999,0.999999,0.999999,0.999999,0.999999,0.999999,0.999999,0.999999,0.999999,0.999999,0.999999,0.999999,0.999999,0.999999,0.999999,0.999999,0.999999,0.999999,0.999999,0.999999,0.999999,0.999999,0.999999,0.999999,0.999999,0.999999,0.999999,0.999999,0.999999,0.999999,0.999999,0.999999
